productname,description,ratingscount,overall_ratings,image,price,url
LuvBells Smart Multi-Purpose Laptop Table with Dock Stand and Coffee Cup Holder/Study Table/Bed Table/Foldable and Portable/Ergonomic & Rounded Edges/Non-Slip Legs/Engineered Wood (Baby Pink),"ðŸ’» Multi-purpose table/desk: Not only work as a laptop table but also as a TV Dinner Tray, serving table for patients/kids, Standing Desk for office workers, Book Writing Desk for kids, Tablet Holder, Standing Desk/Stand Up table.
ðŸ’» Durable and Sturdy structure: Made of powder-coated metal tubes and high-quality Engineered Wood top board. This Laptop Table have good compression resistance.
ðŸ’» Suitable from 5-year-old child to 80-year-old senior. A smooth surface laptop table can use for surfing the internet, reading book, painting work, enjoy leisure snack time, serving breakfast, enjoy family time on your bed, sofa, couch, floor, lawn etc. Indoor or outdoor.
ðŸ’» Using it for simple dining table, laptop computer table, studying desk, serving table, or any other scenes you want for reading/writing/drawing/playing board games/models puzzles arts.
ðŸ’» Table Size When Open: 60cm x 40cm x 27cm ... Table Size When Folding: 60cm x 40cm x 6cm

â€º
See more product details",203 ratings,4.0 out of 5 stars,,"â‚¹Â 1,098.00",https://www.amazon.in/dp/B085VX1BN8
Live Tech Air RGB Cooling Pad Full Bright RGB LED Lights Laptop Cooling Pad 2 Big Fans for 15-17.3 Inch Ergonomics Stand Multiple Angel Gaming Pad(Air),"WARRANTY - CONTACT EMAIL - info@live-tech.in , Technical Call - 9892186820 RGB LIGHTS: Live Tech Air laptop cooling pad applies full RGB lights to 2 big fans and both sides with red, green, blue, ice blue, light purple, 10 modes for debugging and choosing.
STRONG HEAT DISSAIPATION: 2 Turbine fans provide strong wind to bring airflow and blow the heat away. Metal panel absorbs heat from laptop due to the thermal conductivity to cool down the temperature of your notebook. The laptop cooling fan is especial designed
FRIENDLY BUTTONS: The 2 big turbofans are controlled by 1 button (last one) separately and the full rgb lights are controlled by 1 button (first one), and button ""+"" and ""-"" are for fan speed adjustment. 2 use ports are set in the top of the laptop cooler pad
WIDE COMPATIBILITY: The cooler for laptop is 16"" long, 11"" wide, and the diagonal length is 18.3"", the computer cooling pad is compatible with 15 inch to 18 inch laptops.
ERGONOMIC STAND: The gaming laptop cooling pad raises and tilts your laptop to the perfect ergonomic viewing position. Multi-angle adjusts from 7 to 30 degrees and height adjusts from 2.7 to 6.33 inches

â€º
See more product details",62 ratings,3.9 out of 5 stars,https://images-na.ssl-images-amazon.com/images/I/81Ptm7wWLiL._SL1500_.jpg,"â‚¹Â 2,050.00",https://www.amazon.in/dp/B08JVCN7XW
